time,sender_number,packets_received,packets_sent,packets_lost,sending_duration,total_delay
1.000004,0,31,34,1,962.500000,1567.000000
2.011004,0,61,65,2,1973.500000,3083.500000
3.025004,0,108,112,3,2987.500000,5459.500000
4.684004,0,158,162,3,4646.500000,7989.500000
