time,sender_number,packets_received,packets_sent,packets_lost,sending_duration,total_delay
1.020633,0,15,17,1,557.000000,758.500000
2.034133,0,111,120,2,1570.500000,5619.000000
3.047133,0,171,177,4,2583.500000,8652.500000
4.098133,0,177,182,4,3634.500000,8955.500000
