time,sender_number,packets_received,packets_sent,packets_lost,sending_duration,total_delay
1.038854,0,17,21,0,505.500000,860.000000
2.000354,0,105,111,1,1467.000000,5311.500000
3.012854,0,170,173,1,2479.500000,8595.500000
4.025854,0,207,209,1,3492.500000,10464.500000
5.076854,0,209,212,1,4543.500000,10565.500000
